{"accuracy": [0.6344025731086731, 0.869094729423523, 0.9188596606254578, 0.9443441033363342, 0.9590786695480347, 0.9652276039123535, 0.9723082184791565, 0.9771385192871094, 0.9795464873313904, 0.9836314916610718], "loss": [1.229629397392273, 0.4107421338558197, 0.2478618621826172, 0.16866107285022736, 0.12076857686042786, 0.10448560118675232, 0.08203881978988647, 0.06847589462995529, 0.06119287759065628, 0.050587356090545654], "val_accuracy": [0.8294751048088074, 0.9206967949867249, 0.9416112899780273, 0.9411528706550598, 0.9520971775054932, 0.9537015557289124, 0.9518106579780579, 0.9532431960105896, 0.9532431960105896, 0.9614371061325073], "val_loss": [0.5381737947463989, 0.24981330335140228, 0.18280142545700073, 0.18879303336143494, 0.1512349247932434, 0.14640267193317413, 0.16533289849758148, 0.15751700103282928, 0.1587527096271515, 0.1300167441368103]}