{"accuracy": [0.42224228382110596, 0.7012957334518433, 0.7829663753509521, 0.8269407153129578, 0.8529268503189087, 0.8716460466384888, 0.8843739032745361, 0.8910245299339294, 0.9007998108863831, 0.9050854444503784], "loss": [1.9403908252716064, 0.9291113615036011, 0.6651951670646667, 0.5193108916282654, 0.4337112307548523, 0.38024407625198364, 0.344814270734787, 0.32146674394607544, 0.2952530086040497, 0.27722468972206116], "val_accuracy": [0.6030827164649963, 0.7311483025550842, 0.773722231388092, 0.8011689186096191, 0.8204790353775024, 0.8133165240287781, 0.8322255611419678, 0.8466651439666748, 0.8486133217811584, 0.8380701541900635], "val_loss": [1.2609496116638184, 0.837435781955719, 0.718441367149353, 0.6248995065689087, 0.5654121041297913, 0.6275319457054138, 0.5495086908340454, 0.5164733529090881, 0.5039554834365845, 0.5829619765281677]}